{
  "id": "",
  "name": "",
  "font_family": "iconfont",
  "css_prefix_text": "icon-",
  "description": "",
  "glyphs": [
    {
      "icon_id": "12194383",
      "name": "online game",
      "font_class": "onlinegame",
      "unicode": "ec35",
      "unicode_decimal": 60469
    },
    {
      "icon_id": "12194384",
      "name": "pokeball",
      "font_class": "pokeball",
      "unicode": "ec37",
      "unicode_decimal": 60471
    },
    {
      "icon_id": "12194385",
      "name": "lottery ticket 1",
      "font_class": "lotteryticket",
      "unicode": "ec36",
      "unicode_decimal": 60470
    },
    {
      "icon_id": "21018222",
      "name": "keyboard",
      "font_class": "A-13",
      "unicode": "e617",
      "unicode_decimal": 58903
    },
    {
      "icon_id": "21018228",
      "name": "collect,star",
      "font_class": "A-17",
      "unicode": "e618",
      "unicode_decimal": 58904
    },
    {
      "icon_id": "21018230",
      "name": "discount, tag",
      "font_class": "A-26",
      "unicode": "e619",
      "unicode_decimal": 58905
    },
    {
      "icon_id": "21398212",
      "name": "帆船",
      "font_class": "fanchuan",
      "unicode": "e603",
      "unicode_decimal": 58883
    },
    {
      "icon_id": "21398276",
      "name": "取票",
      "font_class": "qupiao",
      "unicode": "e610",
      "unicode_decimal": 58896
    }
  ]
}
